{
  "AAPL": 0.0015362115187947467,
  "MSFT": 0.0012596540003910475,
  "GOOGL": 0.0017246014331260614,
  "NVDA": 0.0028872021494670465,
  "AMZN": 0.0018915962795886534
}